Dataset,Weights,Image Size,Threshold,FileName,F1_Value,Precision_Value
1,ASL_64_16_nano.pt,64,0.5,exp,0.906253644,0.849282174
,,,,,,
2,ASL_64_16_nano.pt,64,0.5,exp2,0.842176878,0.750378679
,,,,,,
1,ASL_128_16_nano.pt,64,0.5,exp3,0.910725784,0.856716473
,,,,,,
2,ASL_128_16_nano.pt,64,0.5,exp4,0.910970195,0.853957291
,,,,,,
1,ASL_160_16_nano.pt,64,0.5,exp5,0.879146486,0.80487989
,,,,,,
2,ASL_160_16_nano.pt,64,0.5,exp6,0.886659855,0.815454155
,,,,,,
1,ASL_320_16_nano.pt,64,0.5,exp7,0.938577929,0.905815298
,,,,,,
2,ASL_320_16_nano.pt,64,0.5,exp8,0.951435816,0.927531055
,,,,,,
1,ASL_64_16_nano.pt,128,0.5,exp9,0.803105742,0.721781461
,,,,,,
2,ASL_64_16_nano.pt,128,0.5,exp10,0.796034092,0.706290756
,,,,,,
1,ASL_128_16_nano.pt,128,0.5,exp11,0.944724946,0.908499283
,,,,,,
2,ASL_128_16_nano.pt,128,0.5,exp12,0.901244126,0.838789207
,,,,,,
1,ASL_160_16_nano.pt,128,0.5,exp13,0.941532522,0.905902305
,,,,,,
2,ASL_160_16_nano.pt,128,0.5,exp14,0.926289102,0.879717858
,,,,,,
1,ASL_320_16_nano.pt,128,0.5,exp15,0.899877522,0.835244566
,,,,,,
2,ASL_320_16_nano.pt,128,0.5,exp16,0.930256459,0.883250879
,,,,,,
1,ASL_64_16_nano.pt,160,0.5,exp17,0.801958657,0.717673339
,,,,,,
2,ASL_64_16_nano.pt,160,0.5,exp18,0.822561634,0.744722392
,,,,,,
1,ASL_128_16_nano.pt,160,0.5,exp19,0.926279374,0.878254549
,,,,,,
2,ASL_128_16_nano.pt,160,0.5,exp20,0.883381277,0.8151959
,,,,,,
1,ASL_160_16_nano.pt,160,0.5,exp21,0.961629066,0.935015367
,,,,,,
2,ASL_160_16_nano.pt,160,0.5,exp22,0.921347296,0.878155966
,,,,,,
1,ASL_320_16_nano.pt,160,0.5,exp23,0.93203096,0.886297776
,,,,,,
2,ASL_320_16_nano.pt,160,0.5,exp24,0.93967921,0.89884258
,,,,,,
1,ASL_64_16_nano.pt,320,0.5,exp25,0.791337487,0.714502288
,,,,,,
2,ASL_64_16_nano.pt,320,0.5,exp26,0.793094491,0.729039386
,,,,,,
1,ASL_128_16_nano.pt,320,0.5,exp27,0.88560409,0.828566683
,,,,,,
2,ASL_128_16_nano.pt,320,0.5,exp28,0.863200006,0.79083809
,,,,,,
1,ASL_160_16_nano.pt,320,0.5,exp29,0.916012373,0.861621351
,,,,,,
2,ASL_160_16_nano.pt,320,0.5,exp30,0.883570578,0.811204607
,,,,,,
1,ASL_320_16_nano.pt,320,0.5,exp31,0.941966395,0.904615228
,,,,,,
2,ASL_320_16_nano.pt,320,0.5,exp32,0.926708779,0.881872788
,,,,,,
1,ASL_64_16_nano.pt,640,0.5,exp33,0.752108226,0.692130697
,,,,,,
2,ASL_64_16_nano.pt,640,0.5,exp34,0.768943421,0.713140248
,,,,,,
1,ASL_128_16_nano.pt,640,0.5,exp35,0.905141487,0.864589173
,,,,,,
2,ASL_128_16_nano.pt,640,0.5,exp36,0.920200444,0.881750988
,,,,,,
1,ASL_160_16_nano.pt,640,0.5,exp37,0.945185307,0.916133111
,,,,,,
2,ASL_160_16_nano.pt,640,0.5,exp38,0.944688184,0.910560367
,,,,,,
1,ASL_320_16_nano.pt,640,0.5,exp39,0.932637726,0.891370984
,,,,,,
2,ASL_320_16_nano.pt,640,0.5,exp40,0.971074812,0.949727942
,,,,,,
1,ASL_64_16_nano.pt,64,0.55,exp41,0.915107745,0.86422064
,,,,,,
2,ASL_64_16_nano.pt,64,0.55,exp42,0.863013066,0.780712821
,,,,,,
1,ASL_128_16_nano.pt,64,0.55,exp43,0.920251994,0.868924998
,,,,,,
2,ASL_128_16_nano.pt,64,0.55,exp44,0.915726211,0.861655658
,,,,,,
1,ASL_160_16_nano.pt,64,0.55,exp45,0.886264044,0.816523182
,,,,,,
2,ASL_160_16_nano.pt,64,0.55,exp46,0.893759078,0.824943347
,,,,,,
1,ASL_320_16_nano.pt,64,0.55,exp47,0.949856185,0.920924769
,,,,,,
2,ASL_320_16_nano.pt,64,0.55,exp48,0.955807422,0.934460941
,,,,,,
1,ASL_64_16_nano.pt,128,0.55,exp49,0.83491904,0.762510963
,,,,,,
2,ASL_64_16_nano.pt,128,0.55,exp50,0.826390732,0.74529722
,,,,,,
1,ASL_128_16_nano.pt,128,0.55,exp51,0.946977886,0.911213924
,,,,,,
2,ASL_128_16_nano.pt,128,0.55,exp52,0.907017997,0.845929177
,,,,,,
1,ASL_160_16_nano.pt,128,0.55,exp53,0.944389209,0.911187573
,,,,,,
2,ASL_160_16_nano.pt,128,0.55,exp54,0.935046956,0.894451194
,,,,,,
1,ASL_320_16_nano.pt,128,0.55,exp55,0.899877522,0.835244566
,,,,,,
2,ASL_320_16_nano.pt,128,0.55,exp56,0.935915994,0.892072217
,,,,,,
1,ASL_64_16_nano.pt,160,0.55,exp57,0.852185795,0.787366767
,,,,,,
2,ASL_64_16_nano.pt,160,0.55,exp58,0.845585199,0.773791805
,,,,,,
1,ASL_128_16_nano.pt,160,0.55,exp59,0.932997035,0.888927759
,,,,,,
2,ASL_128_16_nano.pt,160,0.55,exp60,0.893461178,0.829858615
,,,,,,
1,ASL_160_16_nano.pt,160,0.55,exp61,0.961629066,0.935015367
,,,,,,
2,ASL_160_16_nano.pt,160,0.55,exp62,0.926786325,0.885410166
,,,,,,
1,ASL_320_16_nano.pt,160,0.55,exp63,0.93203096,0.886297776
,,,,,,
2,ASL_320_16_nano.pt,160,0.55,exp64,0.943930439,0.904951061
,,,,,,
1,ASL_64_16_nano.pt,320,0.55,exp65,0.842531664,0.787693933
,,,,,,
2,ASL_64_16_nano.pt,320,0.55,exp66,0.818144976,0.759912884
,,,,,,
1,ASL_128_16_nano.pt,320,0.55,exp67,0.897651159,0.843116566
,,,,,,
2,ASL_128_16_nano.pt,320,0.55,exp68,0.880732249,0.814933433
,,,,,,
1,ASL_160_16_nano.pt,320,0.55,exp69,0.947470359,0.91071125
,,,,,,
2,ASL_160_16_nano.pt,320,0.55,exp70,0.905712526,0.844192232
,,,,,,
1,ASL_320_16_nano.pt,320,0.55,exp71,0.941966395,0.904615228
,,,,,,
2,ASL_320_16_nano.pt,320,0.55,exp72,0.932929912,0.89189028
,,,,,,
1,ASL_64_16_nano.pt,640,0.55,exp73,0.770726539,0.709442756
,,,,,,
2,ASL_64_16_nano.pt,640,0.55,exp74,0.797872482,0.747073164
,,,,,,
1,ASL_128_16_nano.pt,640,0.55,exp75,0.920781392,0.885420819
,,,,,,
2,ASL_128_16_nano.pt,640,0.55,exp76,0.931768427,0.898067623
,,,,,,
1,ASL_160_16_nano.pt,640,0.55,exp77,0.965902029,0.947835738
,,,,,,
2,ASL_160_16_nano.pt,640,0.55,exp78,0.953377017,0.922234669
,,,,,,
1,ASL_320_16_nano.pt,640,0.55,exp79,0.953828943,0.92516114
,,,,,,
2,ASL_320_16_nano.pt,640,0.55,exp80,0.976027021,0.957436472
,,,,,,
1,ASL_64_16_nano.pt,64,0.6,exp81,0.937093962,0.900674111
,,,,,,
2,ASL_64_16_nano.pt,64,0.6,exp82,0.885394312,0.813827425
,,,,,,
1,ASL_128_16_nano.pt,64,0.6,exp83,0.946594318,0.909276385
,,,,,,
2,ASL_128_16_nano.pt,64,0.6,exp84,0.926022525,0.876915769
,,,,,,
1,ASL_160_16_nano.pt,64,0.6,exp85,0.888092331,0.818921537
,,,,,,
2,ASL_160_16_nano.pt,64,0.6,exp86,0.900147002,0.834837927
,,,,,,
1,ASL_320_16_nano.pt,64,0.6,exp87,0.949856185,0.920924769
,,,,,,
2,ASL_320_16_nano.pt,64,0.6,exp88,0.961963015,0.943758336
,,,,,,
1,ASL_64_16_nano.pt,128,0.6,exp89,0.863250451,0.799252954
,,,,,,
2,ASL_64_16_nano.pt,128,0.6,exp90,0.853537532,0.781381044
,,,,,,
1,ASL_128_16_nano.pt,128,0.6,exp91,0.957763683,0.927797982
,,,,,,
2,ASL_128_16_nano.pt,128,0.6,exp92,0.9124928,0.853255871
,,,,,,
1,ASL_160_16_nano.pt,128,0.6,exp93,0.946021416,0.913464955
,,,,,,
2,ASL_160_16_nano.pt,128,0.6,exp94,0.938666719,0.899497956
,,,,,,
1,ASL_320_16_nano.pt,128,0.6,exp95,0.902164894,0.837996118
,,,,,,
2,ASL_320_16_nano.pt,128,0.6,exp96,0.939375433,0.89801325
,,,,,,
1,ASL_64_16_nano.pt,160,0.6,exp97,0.879575418,0.820821842
,,,,,,
2,ASL_64_16_nano.pt,160,0.6,exp98,0.871864909,0.809353684
,,,,,,
1,ASL_128_16_nano.pt,160,0.6,exp99,0.932997035,0.888927759
,,,,,,
2,ASL_128_16_nano.pt,160,0.6,exp100,0.900812054,0.83994627
,,,,,,
1,ASL_160_16_nano.pt,160,0.6,exp101,0.96810477,0.945985002
,,,,,,
2,ASL_160_16_nano.pt,160,0.6,exp102,0.935708579,0.898495507
,,,,,,
1,ASL_320_16_nano.pt,160,0.6,exp103,0.934942431,0.891680652
,,,,,,
2,ASL_320_16_nano.pt,160,0.6,exp104,0.949742393,0.914783203
,,,,,,
1,ASL_64_16_nano.pt,320,0.6,exp105,0.867447909,0.817201823
,,,,,,
2,ASL_64_16_nano.pt,320,0.6,exp106,0.845612397,0.792619793
,,,,,,
1,ASL_128_16_nano.pt,320,0.6,exp107,0.919960049,0.87456528
,,,,,,
2,ASL_128_16_nano.pt,320,0.6,exp108,0.894308636,0.833336689
,,,,,,
1,ASL_160_16_nano.pt,320,0.6,exp109,0.961672758,0.934039795
,,,,,,
2,ASL_160_16_nano.pt,320,0.6,exp110,0.926139036,0.874022217
,,,,,,
1,ASL_320_16_nano.pt,320,0.6,exp111,0.941966395,0.904615228
,,,,,,
2,ASL_320_16_nano.pt,320,0.6,exp112,0.938821444,0.900308091
,,,,,,
1,ASL_64_16_nano.pt,640,0.6,exp113,0.81469315,0.768036058
,,,,,,
2,ASL_64_16_nano.pt,640,0.6,exp114,0.828066676,0.784903945
,,,,,,
1,ASL_128_16_nano.pt,640,0.6,exp115,0.929657595,0.893506029
,,,,,,
2,ASL_128_16_nano.pt,640,0.6,exp116,0.943265366,0.914076165
,,,,,,
1,ASL_160_16_nano.pt,640,0.6,exp117,0.974251016,0.959952559
,,,,,,
2,ASL_160_16_nano.pt,640,0.6,exp118,0.967745066,0.945770227
,,,,,,
1,ASL_320_16_nano.pt,640,0.6,exp119,0.963537657,0.94002037
,,,,,,
2,ASL_320_16_nano.pt,640,0.6,exp120,0.98254967,0.968073464
,,,,,,
1,ASL_64_16_nano.pt,64,0.65,exp121,0.961005081,0.938981981
,,,,,,
2,ASL_64_16_nano.pt,64,0.65,exp122,0.901905739,0.837893859
,,,,,,
1,ASL_128_16_nano.pt,64,0.65,exp123,0.949373773,0.913466069
,,,,,,
2,ASL_128_16_nano.pt,64,0.65,exp124,0.932974937,0.8874054
,,,,,,
1,ASL_160_16_nano.pt,64,0.65,exp125,0.899493151,0.834947898
,,,,,,
2,ASL_160_16_nano.pt,64,0.65,exp126,0.910478061,0.852049705
,,,,,,
1,ASL_320_16_nano.pt,64,0.65,exp127,0.961202088,0.939372292
,,,,,,
2,ASL_320_16_nano.pt,64,0.65,exp128,0.971353935,0.959092406
,,,,,,
1,ASL_64_16_nano.pt,128,0.65,exp129,0.899890469,0.842010723
,,,,,,
2,ASL_64_16_nano.pt,128,0.65,exp130,0.880070101,0.816733274
,,,,,,
1,ASL_128_16_nano.pt,128,0.65,exp131,0.960788369,0.933382568
,,,,,,
2,ASL_128_16_nano.pt,128,0.65,exp132,0.921475812,0.865609802
,,,,,,
1,ASL_160_16_nano.pt,128,0.65,exp133,0.946021416,0.913464955
,,,,,,
2,ASL_160_16_nano.pt,128,0.65,exp134,0.944363912,0.908408394
,,,,,,
1,ASL_320_16_nano.pt,128,0.65,exp135,0.90419321,0.841187131
,,,,,,
2,ASL_320_16_nano.pt,128,0.65,exp136,0.94303445,0.903271694
,,,,,,
1,ASL_64_16_nano.pt,160,0.65,exp137,0.920521604,0.880213051
,,,,,,
2,ASL_64_16_nano.pt,160,0.65,exp138,0.896307533,0.84287507
,,,,,,
1,ASL_128_16_nano.pt,160,0.65,exp139,0.932997035,0.888927759
,,,,,,
2,ASL_128_16_nano.pt,160,0.65,exp140,0.913734872,0.858179649
,,,,,,
1,ASL_160_16_nano.pt,160,0.65,exp141,0.96810477,0.945985002
,,,,,,
2,ASL_160_16_nano.pt,160,0.65,exp142,0.939571541,0.904307708
,,,,,,
1,ASL_320_16_nano.pt,160,0.65,exp143,0.934942431,0.891680652
,,,,,,
2,ASL_320_16_nano.pt,160,0.65,exp144,0.952960256,0.919510629
,,,,,,
1,ASL_64_16_nano.pt,320,0.65,exp145,0.901991138,0.859332263
,,,,,,
2,ASL_64_16_nano.pt,320,0.65,exp146,0.874540344,0.823516694
,,,,,,
1,ASL_128_16_nano.pt,320,0.65,exp147,0.94749176,0.913492894
,,,,,,
2,ASL_128_16_nano.pt,320,0.65,exp148,0.917235181,0.867111414
,,,,,,
1,ASL_160_16_nano.pt,320,0.65,exp149,0.973353094,0.954279178
,,,,,,
2,ASL_160_16_nano.pt,320,0.65,exp150,0.946082269,0.908337684
,,,,,,
1,ASL_320_16_nano.pt,320,0.65,exp151,0.941966395,0.904615228
,,,,,,
2,ASL_320_16_nano.pt,320,0.65,exp152,0.94357644,0.908187998
,,,,,,
1,ASL_64_16_nano.pt,640,0.65,exp153,0.843345665,0.80269024
,,,,,,
2,ASL_64_16_nano.pt,640,0.65,exp154,0.858525257,0.815821018
,,,,,,
1,ASL_128_16_nano.pt,640,0.65,exp155,0.956844207,0.932477027
,,,,,,
2,ASL_128_16_nano.pt,640,0.65,exp156,0.952852266,0.925562442
,,,,,,
1,ASL_160_16_nano.pt,640,0.65,exp157,0.984612905,0.974587174
,,,,,,
2,ASL_160_16_nano.pt,640,0.65,exp158,0.972803016,0.953071701
,,,,,,
1,ASL_320_16_nano.pt,640,0.65,exp159,0.963537657,0.94002037
,,,,,,
2,ASL_320_16_nano.pt,640,0.65,exp160,0.988060218,0.977594217
,,,,,,
1,ASL_64_16_nano.pt,64,0.7,exp161,0.965919909,0.947660038
,,,,,,
2,ASL_64_16_nano.pt,64,0.7,exp162,0.921622082,0.869274918
,,,,,,
1,ASL_128_16_nano.pt,64,0.7,exp163,0.959334142,0.930769376
,,,,,,
2,ASL_128_16_nano.pt,64,0.7,exp164,0.936276283,0.891892851
,,,,,,
1,ASL_160_16_nano.pt,64,0.7,exp165,0.913859546,0.856997137
,,,,,,
2,ASL_160_16_nano.pt,64,0.7,exp166,0.921353344,0.868259662
,,,,,,
1,ASL_320_16_nano.pt,64,0.7,exp167,0.966919526,0.949038005
,,,,,,
2,ASL_320_16_nano.pt,64,0.7,exp168,0.977866671,0.967454297
,,,,,,
1,ASL_64_16_nano.pt,128,0.7,exp169,0.92256701,0.873127723
,,,,,,
2,ASL_64_16_nano.pt,128,0.7,exp170,0.90696067,0.854523455
,,,,,,
1,ASL_128_16_nano.pt,128,0.7,exp171,0.965749364,0.942137976
,,,,,,
2,ASL_128_16_nano.pt,128,0.7,exp172,0.930618017,0.879721893
,,,,,,
1,ASL_160_16_nano.pt,128,0.7,exp173,0.959734719,0.934522026
,,,,,,
2,ASL_160_16_nano.pt,128,0.7,exp174,0.952496382,0.921209756
,,,,,,
1,ASL_320_16_nano.pt,128,0.7,exp175,0.916400603,0.861016525
,,,,,,
2,ASL_320_16_nano.pt,128,0.7,exp176,0.948886343,0.913230931
,,,,,,
1,ASL_64_16_nano.pt,160,0.7,exp177,0.942278601,0.905292785
,,,,,,
2,ASL_64_16_nano.pt,160,0.7,exp178,0.920891033,0.876638372
,,,,,,
1,ASL_128_16_nano.pt,160,0.7,exp179,0.937209512,0.894218309
,,,,,,
2,ASL_128_16_nano.pt,160,0.7,exp180,0.928655087,0.879551901
,,,,,,
1,ASL_160_16_nano.pt,160,0.7,exp181,0.974764439,0.956722094
,,,,,,
2,ASL_160_16_nano.pt,160,0.7,exp182,0.945899561,0.913137014
,,,,,,
1,ASL_320_16_nano.pt,160,0.7,exp183,0.934942431,0.891680652
,,,,,,
2,ASL_320_16_nano.pt,160,0.7,exp184,0.962795209,0.934591499
,,,,,,
1,ASL_64_16_nano.pt,320,0.7,exp185,0.952421491,0.928618819
,,,,,,
2,ASL_64_16_nano.pt,320,0.7,exp186,0.904987303,0.860707318
,,,,,,
1,ASL_128_16_nano.pt,320,0.7,exp187,0.96534129,0.941304397
,,,,,,
2,ASL_128_16_nano.pt,320,0.7,exp188,0.938871185,0.898757328
,,,,,,
1,ASL_160_16_nano.pt,320,0.7,exp189,0.983083557,0.971155042
,,,,,,
2,ASL_160_16_nano.pt,320,0.7,exp190,0.96035822,0.931516661
,,,,,,
1,ASL_320_16_nano.pt,320,0.7,exp191,0.948868528,0.916254902
,,,,,,
2,ASL_320_16_nano.pt,320,0.7,exp192,0.946015525,0.911224494
,,,,,,
1,ASL_64_16_nano.pt,640,0.7,exp193,0.874383291,0.836374032
,,,,,,
2,ASL_64_16_nano.pt,640,0.7,exp194,0.886406875,0.845115655
,,,,,,
1,ASL_128_16_nano.pt,640,0.7,exp195,0.969750209,0.951363116
,,,,,,
2,ASL_128_16_nano.pt,640,0.7,exp196,0.965678285,0.94211727
,,,,,,
1,ASL_160_16_nano.pt,640,0.7,exp197,0.987765611,0.979005488
,,,,,,
2,ASL_160_16_nano.pt,640,0.7,exp198,0.982123992,0.968001711
,,,,,,
1,ASL_320_16_nano.pt,640,0.7,exp199,0.963537657,0.94002037
,,,,,,
2,ASL_320_16_nano.pt,640,0.7,exp200,0.99139983,0.983874183
,,,,,,
1,ASL_64_16_nano.pt,64,0.75,exp201,0.970984567,0.954835009
,,,,,,
2,ASL_64_16_nano.pt,64,0.75,exp202,0.948609242,0.911221976
,,,,,,
1,ASL_128_16_nano.pt,64,0.75,exp203,0.968407974,0.946947561
,,,,,,
2,ASL_128_16_nano.pt,64,0.75,exp204,0.946022063,0.908285342
,,,,,,
1,ASL_160_16_nano.pt,64,0.75,exp205,0.933546975,0.888114552
,,,,,,
2,ASL_160_16_nano.pt,64,0.75,exp206,0.934959046,0.889073681
,,,,,,
1,ASL_320_16_nano.pt,64,0.75,exp207,0.97618906,0.96150823
,,,,,,
2,ASL_320_16_nano.pt,64,0.75,exp208,0.985685402,0.978013637
,,,,,,
1,ASL_64_16_nano.pt,128,0.75,exp209,0.955861071,0.926946034
,,,,,,
2,ASL_64_16_nano.pt,128,0.75,exp210,0.935513582,0.898477176
,,,,,,
1,ASL_128_16_nano.pt,128,0.75,exp211,0.965749364,0.942137976
,,,,,,
2,ASL_128_16_nano.pt,128,0.75,exp212,0.950732469,0.912646214
,,,,,,
1,ASL_160_16_nano.pt,128,0.75,exp213,0.959734719,0.934522026
,,,,,,
2,ASL_160_16_nano.pt,128,0.75,exp214,0.958561261,0.930311026
,,,,,,
1,ASL_320_16_nano.pt,128,0.75,exp215,0.922955658,0.870509873
,,,,,,
2,ASL_320_16_nano.pt,128,0.75,exp216,0.95732485,0.926707307
,,,,,,
1,ASL_64_16_nano.pt,160,0.75,exp217,0.949819637,0.917688788
,,,,,,
2,ASL_64_16_nano.pt,160,0.75,exp218,0.94344567,0.909723037
,,,,,,
1,ASL_128_16_nano.pt,160,0.75,exp219,0.944783311,0.906474376
,,,,,,
2,ASL_128_16_nano.pt,160,0.75,exp220,0.946047987,0.906843194
,,,,,,
1,ASL_160_16_nano.pt,160,0.75,exp221,0.974764439,0.956722094
,,,,,,
2,ASL_160_16_nano.pt,160,0.75,exp222,0.951798581,0.921711855
,,,,,,
1,ASL_320_16_nano.pt,160,0.75,exp223,0.948412444,0.914323283
,,,,,,
2,ASL_320_16_nano.pt,160,0.75,exp224,0.968943259,0.945159253
,,,,,,
1,ASL_64_16_nano.pt,320,0.75,exp225,0.977261419,0.96314631
,,,,,,
2,ASL_64_16_nano.pt,320,0.75,exp226,0.93447695,0.899333238
,,,,,,
1,ASL_128_16_nano.pt,320,0.75,exp227,0.967243995,0.943547636
,,,,,,
2,ASL_128_16_nano.pt,320,0.75,exp228,0.961977308,0.933533936
,,,,,,
1,ASL_160_16_nano.pt,320,0.75,exp229,0.986367427,0.97720141
,,,,,,
2,ASL_160_16_nano.pt,320,0.75,exp230,0.981718106,0.967291456
,,,,,,
1,ASL_320_16_nano.pt,320,0.75,exp231,0.969570582,0.950163517
,,,,,,
2,ASL_320_16_nano.pt,320,0.75,exp232,0.953850083,0.92382938
,,,,,,
1,ASL_64_16_nano.pt,640,0.75,exp233,0.897995117,0.861373546
,,,,,,
2,ASL_64_16_nano.pt,640,0.75,exp234,0.925744671,0.890726053
,,,,,,
1,ASL_128_16_nano.pt,640,0.75,exp235,0.983452467,0.973603462
,,,,,,
2,ASL_128_16_nano.pt,640,0.75,exp236,0.982122242,0.968093932
,,,,,,
1,ASL_160_16_nano.pt,640,0.75,exp237,1,1
,,,,,,
2,ASL_160_16_nano.pt,640,0.75,exp238,0.992613812,0.986103169
,,,,,,
1,ASL_320_16_nano.pt,640,0.75,exp239,0.963537657,0.94002037
,,,,,,
2,ASL_320_16_nano.pt,640,0.75,exp240,0.99371776,0.98797039
,,,,,,
1,ASL_64_16_nano.pt,64,0.8,exp241,0.987441063,0.980988384
,,,,,,
2,ASL_64_16_nano.pt,64,0.8,exp242,0.974799944,0.953932876
,,,,,,
1,ASL_128_16_nano.pt,64,0.8,exp243,0.984509721,0.972598881
,,,,,,
2,ASL_128_16_nano.pt,64,0.8,exp244,0.957198253,0.925894808
,,,,,,
1,ASL_160_16_nano.pt,64,0.8,exp245,0.967619104,0.944759381
,,,,,,
2,ASL_160_16_nano.pt,64,0.8,exp246,0.959331079,0.929480788
,,,,,,
1,ASL_320_16_nano.pt,64,0.8,exp247,0.992605426,0.987598098
,,,,,,
2,ASL_320_16_nano.pt,64,0.8,exp248,0.994553207,0.990279902
,,,,,,
1,ASL_64_16_nano.pt,128,0.8,exp249,0.975132519,0.957333984
,,,,,,
2,ASL_64_16_nano.pt,128,0.8,exp250,0.954317715,0.922556635
,,,,,,
1,ASL_128_16_nano.pt,128,0.8,exp251,0.976709632,0.959542542
,,,,,,
2,ASL_128_16_nano.pt,128,0.8,exp252,0.972816645,0.950598374
,,,,,,
1,ASL_160_16_nano.pt,128,0.8,exp253,0.978385761,0.963857543
,,,,,,
2,ASL_160_16_nano.pt,128,0.8,exp254,0.970207501,0.9489763
,,,,,,
1,ASL_320_16_nano.pt,128,0.8,exp255,0.950512639,0.915095811
,,,,,,
2,ASL_320_16_nano.pt,128,0.8,exp256,0.968280679,0.944700043
,,,,,,
1,ASL_64_16_nano.pt,160,0.8,exp257,0.989919859,0.982111482
,,,,,,
2,ASL_64_16_nano.pt,160,0.8,exp258,0.965634544,0.944097034
,,,,,,
1,ASL_128_16_nano.pt,160,0.8,exp259,0.952263164,0.920103358
,,,,,,
2,ASL_128_16_nano.pt,160,0.8,exp260,0.964188481,0.935806825
,,,,,,
1,ASL_160_16_nano.pt,160,0.8,exp261,0.982120268,0.969074652
,,,,,,
2,ASL_160_16_nano.pt,160,0.8,exp262,0.965227172,0.943503952
,,,,,,
1,ASL_320_16_nano.pt,160,0.8,exp263,0.948412444,0.914323283
,,,,,,
2,ASL_320_16_nano.pt,160,0.8,exp264,0.974670646,0.955235824
,,,,,,
1,ASL_64_16_nano.pt,320,0.8,exp265,0.981583983,0.968557636
,,,,,,
2,ASL_64_16_nano.pt,320,0.8,exp266,0.965842718,0.94335768
,,,,,,
1,ASL_128_16_nano.pt,320,0.8,exp267,0.983542648,0.971410773
,,,,,,
2,ASL_128_16_nano.pt,320,0.8,exp268,0.985738806,0.973516728
,,,,,,
1,ASL_160_16_nano.pt,320,0.8,exp269,0.986367427,0.97720141
,,,,,,
2,ASL_160_16_nano.pt,320,0.8,exp270,0.991652471,0.984697775
,,,,,,
1,ASL_320_16_nano.pt,320,0.8,exp271,0.973685381,0.957601444
,,,,,,
2,ASL_320_16_nano.pt,320,0.8,exp272,0.959830678,0.933473709
,,,,,,
1,ASL_64_16_nano.pt,640,0.8,exp273,0.943346775,0.917455871
,,,,,,
2,ASL_64_16_nano.pt,640,0.8,exp274,0.948419813,0.91800658
,,,,,,
1,ASL_128_16_nano.pt,640,0.8,exp275,1,1
,,,,,,
2,ASL_128_16_nano.pt,640,0.8,exp276,0.993432286,0.987806288
,,,,,,
1,ASL_160_16_nano.pt,640,0.8,exp277,1,1
,,,,,,
2,ASL_160_16_nano.pt,640,0.8,exp278,0.998311601,0.996772548
,,,,,,
1,ASL_320_16_nano.pt,640,0.8,exp279,0.986288202,0.977065615
,,,,,,
2,ASL_320_16_nano.pt,640,0.8,exp280,1,1
,,,,,,
1,ASL_64_16_nano.pt,64,0.85,exp281,1,1
,,,,,,
2,ASL_64_16_nano.pt,64,0.85,exp282,0.987892384,0.978153765
,,,,,,
1,ASL_128_16_nano.pt,64,0.85,exp283,0.984509721,0.972598881
,,,,,,
2,ASL_128_16_nano.pt,64,0.85,exp284,0.975213713,0.956765749
,,,,,,
1,ASL_160_16_nano.pt,64,0.85,exp285,0.987883072,0.979167394
,,,,,,
2,ASL_160_16_nano.pt,64,0.85,exp286,0.977092723,0.959061327
,,,,,,
1,ASL_320_16_nano.pt,64,0.85,exp287,0.995711191,0.992259479
,,,,,,
2,ASL_320_16_nano.pt,64,0.85,exp288,1,1
,,,,,,
1,ASL_64_16_nano.pt,128,0.85,exp289,0.982599488,0.969861173
,,,,,,
2,ASL_64_16_nano.pt,128,0.85,exp290,0.975411894,0.955837805
,,,,,,
1,ASL_128_16_nano.pt,128,0.85,exp291,0.982170837,0.969136036
,,,,,,
2,ASL_128_16_nano.pt,128,0.85,exp292,0.984433635,0.971511998
,,,,,,
1,ASL_160_16_nano.pt,128,0.85,exp293,0.989953013,0.982162791
,,,,,,
2,ASL_160_16_nano.pt,128,0.85,exp294,0.979077402,0.962327874
,,,,,,
1,ASL_320_16_nano.pt,128,0.85,exp295,0.97882295,0.962972305
,,,,,,
2,ASL_320_16_nano.pt,128,0.85,exp296,0.981774809,0.967692135
,,,,,,
1,ASL_64_16_nano.pt,160,0.85,exp297,0.989919859,0.982111482
,,,,,,
2,ASL_64_16_nano.pt,160,0.85,exp298,0.98315013,0.970623368
,,,,,,
1,ASL_128_16_nano.pt,160,0.85,exp299,0.977603615,0.961032653
,,,,,,
2,ASL_128_16_nano.pt,160,0.85,exp300,0.989597817,0.980945454
,,,,,,
1,ASL_160_16_nano.pt,160,0.85,exp301,0.982120268,0.969074652
,,,,,,
2,ASL_160_16_nano.pt,160,0.85,exp302,0.973603988,0.956727595
,,,,,,
1,ASL_320_16_nano.pt,160,0.85,exp303,0.959226681,0.933329033
,,,,,,
2,ASL_320_16_nano.pt,160,0.85,exp304,0.980221907,0.964111763
,,,,,,
1,ASL_64_16_nano.pt,320,0.85,exp305,0.996504312,0.993576243
,,,,,,
2,ASL_64_16_nano.pt,320,0.85,exp306,0.979045455,0.96388596
,,,,,,
1,ASL_128_16_nano.pt,320,0.85,exp307,0.992164986,0.985747734
,,,,,,
2,ASL_128_16_nano.pt,320,0.85,exp308,0.99592939,0.99214639
,,,,,,
1,ASL_160_16_nano.pt,320,0.85,exp309,0.994374837,0.9901318
,,,,,,
2,ASL_160_16_nano.pt,320,0.85,exp310,0.997301231,0.994978261
,,,,,,
1,ASL_320_16_nano.pt,320,0.85,exp311,0.973685381,0.957601444
,,,,,,
2,ASL_320_16_nano.pt,320,0.85,exp312,0.974901121,0.957935297
,,,,,,
1,ASL_64_16_nano.pt,640,0.85,exp313,0.984237091,0.974106093
,,,,,,
2,ASL_64_16_nano.pt,640,0.85,exp314,0.969991924,0.950487704
,,,,,,
1,ASL_128_16_nano.pt,640,0.85,exp315,1,1
,,,,,,
2,ASL_128_16_nano.pt,640,0.85,exp316,0.998568303,0.997244105
,,,,,,
1,ASL_160_16_nano.pt,640,0.85,exp317,1,1
,,,,,,
2,ASL_160_16_nano.pt,640,0.85,exp318,1,1
,,,,,,
1,ASL_320_16_nano.pt,640,0.85,exp319,0.99008546,0.982385015
,,,,,,
2,ASL_320_16_nano.pt,640,0.85,exp320,1,1
,,,,,,
1,ASL_64_16_nano.pt,64,0.9,exp321,1,1
,,,,,,
2,ASL_64_16_nano.pt,64,0.9,exp322,0.996469257,0.993260042
,,,,,,
1,ASL_128_16_nano.pt,64,0.9,exp323,1,1
,,,,,,
2,ASL_128_16_nano.pt,64,0.9,exp324,0.99889335,0.997850683
,,,,,,
1,ASL_160_16_nano.pt,64,0.9,exp325,1,1
,,,,,,
2,ASL_160_16_nano.pt,64,0.9,exp326,0.994806508,0.990087887
,,,,,,
1,ASL_320_16_nano.pt,64,0.9,exp327,1,1
,,,,,,
2,ASL_320_16_nano.pt,64,0.9,exp328,1,1
,,,,,,
1,ASL_64_16_nano.pt,128,0.9,exp329,0.982599488,0.969861173
,,,,,,
2,ASL_64_16_nano.pt,128,0.9,exp330,0.990044069,0.981427141
,,,,,,
1,ASL_128_16_nano.pt,128,0.9,exp331,0.995556916,0.991991203
,,,,,,
2,ASL_128_16_nano.pt,128,0.9,exp332,0.997273374,0.994740402
,,,,,,
1,ASL_160_16_nano.pt,128,0.9,exp333,0.994330451,0.990057434
,,,,,,
2,ASL_160_16_nano.pt,128,0.9,exp334,0.998410314,0.996950912
,,,,,,
1,ASL_320_16_nano.pt,128,0.9,exp335,0.995552579,0.991983661
,,,,,,
2,ASL_320_16_nano.pt,128,0.9,exp336,0.994886462,0.990457204
,,,,,,
1,ASL_64_16_nano.pt,160,0.9,exp337,0.994230524,0.989890009
,,,,,,
2,ASL_64_16_nano.pt,160,0.9,exp338,0.995786106,0.991878871
,,,,,,
1,ASL_128_16_nano.pt,160,0.9,exp339,0.994329147,0.990055247
,,,,,,
2,ASL_128_16_nano.pt,160,0.9,exp340,0.998738465,0.997559648
,,,,,,
1,ASL_160_16_nano.pt,160,0.9,exp341,0.99207053,0.986746093
,,,,,,
2,ASL_160_16_nano.pt,160,0.9,exp342,0.994900782,0.990653371
,,,,,,
1,ASL_320_16_nano.pt,160,0.9,exp343,0.97966275,0.965433417
,,,,,,
2,ASL_320_16_nano.pt,160,0.9,exp344,1,1
,,,,,,
1,ASL_64_16_nano.pt,320,0.9,exp345,1,1
,,,,,,
2,ASL_64_16_nano.pt,320,0.9,exp346,0.988681127,0.979319685
,,,,,,
1,ASL_128_16_nano.pt,320,0.9,exp347,1,1
,,,,,,
2,ASL_128_16_nano.pt,320,0.9,exp348,0.998722669,0.997529451
,,,,,,
1,ASL_160_16_nano.pt,320,0.9,exp349,1,1
,,,,,,
2,ASL_160_16_nano.pt,320,0.9,exp350,1,1
,,,,,,
1,ASL_320_16_nano.pt,320,0.9,exp351,1,1
,,,,,,
2,ASL_320_16_nano.pt,320,0.9,exp352,0.98793297,0.979912798
,,,,,,
1,ASL_64_16_nano.pt,640,0.9,exp353,1,1
,,,,,,
2,ASL_64_16_nano.pt,640,0.9,exp354,0.995761836,0.992023721
,,,,,,
1,ASL_128_16_nano.pt,640,0.9,exp355,1,1
,,,,,,
2,ASL_128_16_nano.pt,640,0.9,exp356,1,1
,,,,,,
1,ASL_160_16_nano.pt,640,0.9,exp357,1,1
,,,,,,
2,ASL_160_16_nano.pt,640,0.9,exp358,1,1
,,,,,,
1,ASL_320_16_nano.pt,640,0.9,exp359,1,1
,,,,,,
2,ASL_320_16_nano.pt,640,0.9,exp360,1,1
,,,,,,
1,ASL_64_16_nano.pt,64,0.95,exp361,1,1
,,,,,,
2,ASL_64_16_nano.pt,64,0.95,exp362,1,1
,,,,,,
1,ASL_128_16_nano.pt,64,0.95,exp363,1,1
,,,,,,
2,ASL_128_16_nano.pt,64,0.95,exp364,1,1
,,,,,,
1,ASL_160_16_nano.pt,64,0.95,exp365,1,1
,,,,,,
2,ASL_160_16_nano.pt,64,0.95,exp366,1,1
,,,,,,
1,ASL_320_16_nano.pt,64,0.95,exp367,1,1
,,,,,,
2,ASL_320_16_nano.pt,64,0.95,exp368,1,1
,,,,,,
1,ASL_64_16_nano.pt,128,0.95,exp369,1,1
,,,,,,
2,ASL_64_16_nano.pt,128,0.95,exp370,0.996992888,0.994215398
,,,,,,
1,ASL_128_16_nano.pt,128,0.95,exp371,1,1
,,,,,,
2,ASL_128_16_nano.pt,128,0.95,exp372,1,1
,,,,,,
1,ASL_160_16_nano.pt,128,0.95,exp373,1,1
,,,,,,
2,ASL_160_16_nano.pt,128,0.95,exp374,1,1
,,,,,,
1,ASL_320_16_nano.pt,128,0.95,exp375,1,1
,,,,,,
2,ASL_320_16_nano.pt,128,0.95,exp376,1,1
,,,,,,
1,ASL_64_16_nano.pt,160,0.95,exp377,1,1
,,,,,,
2,ASL_64_16_nano.pt,160,0.95,exp378,1,1
,,,,,,
1,ASL_128_16_nano.pt,160,0.95,exp379,1,1
,,,,,,
2,ASL_128_16_nano.pt,160,0.95,exp380,1,1
,,,,,,
1,ASL_160_16_nano.pt,160,0.95,exp381,1,1
,,,,,,
2,ASL_160_16_nano.pt,160,0.95,exp382,1,1
,,,,,,
1,ASL_320_16_nano.pt,160,0.95,exp383,1,1
,,,,,,
2,ASL_320_16_nano.pt,160,0.95,exp384,1,1
,,,,,,
1,ASL_64_16_nano.pt,320,0.95,exp385,1,1
,,,,,,
2,ASL_64_16_nano.pt,320,0.95,exp386,1,1
,,,,,,
1,ASL_128_16_nano.pt,320,0.95,exp387,1,1
,,,,,,
2,ASL_128_16_nano.pt,320,0.95,exp388,1,1
,,,,,,
1,ASL_160_16_nano.pt,320,0.95,exp389,1,1
,,,,,,
2,ASL_160_16_nano.pt,320,0.95,exp390,1,1
,,,,,,
1,ASL_320_16_nano.pt,320,0.95,exp391,1,1
,,,,,,
2,ASL_320_16_nano.pt,320,0.95,exp392,1,1
,,,,,,
1,ASL_64_16_nano.pt,640,0.95,exp393,1,1
,,,,,,
2,ASL_64_16_nano.pt,640,0.95,exp394,1,1
,,,,,,
1,ASL_128_16_nano.pt,640,0.95,exp395,1,1
,,,,,,
2,ASL_128_16_nano.pt,640,0.95,exp396,1,1
,,,,,,
1,ASL_160_16_nano.pt,640,0.95,exp397,1,1
,,,,,,
2,ASL_160_16_nano.pt,640,0.95,exp398,1,1
,,,,,,
1,ASL_320_16_nano.pt,640,0.95,exp399,1,1
,,,,,,
2,ASL_320_16_nano.pt,640,0.95,exp400,1,1
